{
    "observation.state": {
        "min": [
            0.03128750994801521,
            -0.2705100476741791,
            0.8425841927528381,
            -3.141592025756836,
            -1.1630985736846924,
            -1.1320432424545288
        ],
        "max": [
            0.5921757817268372,
            0.2522824704647064,
            1.3805650472640991,
            3.141592502593994,
            0.3168829083442688,
            1.4010742902755737
        ],
        "mean": [
            0.30505351802670905,
            0.014838223981065176,
            1.0442273997768914,
            0.7950760291417075,
            -0.05298138597174706,
            0.06137867996157462
        ],
        "std": [
            0.1101191001324403,
            0.09783710228685229,
            0.15357192753373,
            2.9865431543006085,
            0.21180626630463278,
            0.2913546216891671
        ],
        "count": [
            15229
        ]
    },
    "task_index": {
        "min": [
            0
        ],
        "max": [
            0
        ],
        "mean": [
            0.0
        ],
        "std": [
            0.0
        ],
        "count": [
            15229
        ]
    },
    "frame_index": {
        "min": [
            0
        ],
        "max": [
            1385
        ],
        "mean": [
            218.4442839319719
        ],
        "std": [
            235.7527577633419
        ],
        "count": [
            15229
        ]
    },
    "observation.wrist_image": {
        "min": [
            [
                [
                    0.0
                ]
            ],
            [
                [
                    0.0
                ]
            ],
            [
                [
                    0.0
                ]
            ]
        ],
        "max": [
            [
                [
                    1.0
                ]
            ],
            [
                [
                    1.0
                ]
            ],
            [
                [
                    1.0
                ]
            ]
        ],
        "mean": [
            [
                [
                    0.5364316305441802
                ]
            ],
            [
                [
                    0.48303816090284973
                ]
            ],
            [
                [
                    0.4331664122342974
                ]
            ]
        ],
        "std": [
            [
                [
                    0.1628884391460157
                ]
            ],
            [
                [
                    0.17993234691154775
                ]
            ],
            [
                [
                    0.18918622752511002
                ]
            ]
        ],
        "count": [
            5220
        ]
    },
    "observation.image": {
        "min": [
            [
                [
                    0.0
                ]
            ],
            [
                [
                    0.0
                ]
            ],
            [
                [
                    0.0
                ]
            ]
        ],
        "max": [
            [
                [
                    1.0
                ]
            ],
            [
                [
                    1.0
                ]
            ],
            [
                [
                    1.0
                ]
            ]
        ],
        "mean": [
            [
                [
                    0.5232293346382962
                ]
            ],
            [
                [
                    0.48672959418329415
                ]
            ],
            [
                [
                    0.4501357419055031
                ]
            ]
        ],
        "std": [
            [
                [
                    0.1990081972175001
                ]
            ],
            [
                [
                    0.21975350757508433
                ]
            ],
            [
                [
                    0.24136600026623165
                ]
            ]
        ],
        "count": [
            5220
        ]
    },
    "episode_index": {
        "min": [
            0
        ],
        "max": [
            49
        ],
        "mean": [
            20.29726180313875
        ],
        "std": [
            14.994926136013214
        ],
        "count": [
            15229
        ]
    },
    "index": {
        "min": [
            0
        ],
        "max": [
            15228
        ],
        "mean": [
            7614.0
        ],
        "std": [
            4396.233615266596
        ],
        "count": [
            15229
        ]
    },
    "timestamp": {
        "min": [
            0.0
        ],
        "max": [
            69.25
        ],
        "mean": [
            10.922214196598594
        ],
        "std": [
            11.787637888167094
        ],
        "count": [
            15229
        ]
    },
    "obj_init": {
        "min": [
            0.24031594395637512,
            -0.15167337656021118,
            0.8199999928474426,
            0.2402220219373703,
            -0.19411881268024445,
            0.8199999928474426
        ],
        "max": [
            0.38742461800575256,
            0.1745048612356186,
            0.8199999928474426,
            0.3676735460758209,
            0.19991104304790497,
            0.8199999928474426
        ],
        "mean": [
            0.3217782035809539,
            0.07006086213373802,
            0.8200028699212585,
            0.2649336714395136,
            -0.16472992611970338,
            0.8200028699212585
        ],
        "std": [
            0.02470398121808304,
            0.0560642740658602,
            3.7751113281209407e-06,
            0.030073556083130212,
            0.08920086589626144,
            3.7751113281209407e-06
        ],
        "count": [
            15229
        ]
    },
    "action": {
        "min": [
            -0.7791515588760376,
            -1.1843020915985107,
            -0.8777642250061035,
            -3.04319167137146,
            -1.4468231201171875,
            1.0537197589874268,
            -1.9045279026031494,
            0.0
        ],
        "max": [
            1.4246479272842407,
            1.3744537830352783,
            0.8809112906455994,
            -0.43238091468811035,
            2.540107250213623,
            4.51602029800415,
            2.7943193912506104,
            1.0
        ],
        "mean": [
            0.0050433370665209165,
            0.13900867130674668,
            0.03778627856855608,
            -2.136758491914516,
            0.03380938505954951,
            2.295449223519311,
            0.7325471554848517,
            0.21222667237996304
        ],
        "std": [
            0.20005382612828107,
            0.5048655473678402,
            0.16900270405150158,
            0.4758106215904902,
            0.46146456578320827,
            0.530347398080405,
            0.622791885154678,
            0.4088844317298894
        ],
        "count": [
            15229
        ]
    }
}